{"mean": 0.68275, "std": 0.14187261011202973, "max": 1.0, "min": 0.245}