{"mean": 0.6721245, "std": 0.13763675517371804, "max": 1.0, "min": 0.39025}