{"mean": 0.6845168, "std": 0.14399553881200625, "max": 1.0, "min": 0.2203}