{"mean": 0.676455, "std": 0.1462878856057466, "max": 1.0, "min": 0.2125}