{"mean": 0.6780771999999999, "std": 0.14190984194255168, "max": 1.0, "min": 0.2304}