{"mean": 0.6796099999999999, "std": 0.14236571883708524, "max": 1.0, "min": 0.345}