{"mean": 0.6762850000000001, "std": 0.12654314787850032, "max": 1.0, "min": 0.396}