{"mean": 0.689822, "std": 0.13595553065616714, "max": 1.0, "min": 0.394}