{"mean": 0.6212336, "std": 0.19840479044377937, "max": 1.0, "min": 0.0005}