{"mean": 0.5939190000000001, "std": 0.18870797330531638, "max": 1.0, "min": 0.18775}