{"mean": 0.608615, "std": 0.18180977497098444, "max": 1.0, "min": 0.175}