{"mean": 0.58156, "std": 0.20430107782388227, "max": 1.0, "min": 0.178}