{"mean": 0.5899431999999999, "std": 0.20099511271113035, "max": 1.0, "min": 0.1936}