{"mean": 0.6074160000000001, "std": 0.19713805300854526, "max": 1.0, "min": 0.0015}