{"mean": 0.65863, "std": 0.15073875778976023, "max": 1.0, "min": 0.315}