{"mean": 0.4227214, "std": 0.0053901875700201754, "max": 0.4426, "min": 0.4056}