{"mean": 0.6788160000000001, "std": 0.1381737534555677, "max": 1.0, "min": 0.225}