{"mean": 0.6906765, "std": 0.1425475700345327, "max": 1.0, "min": 0.236}