{"mean": 0.6922176, "std": 0.13205024229527182, "max": 1.0, "min": 0.3879}