{"mean": 0.694192, "std": 0.13873557631696348, "max": 1.0, "min": 0.397}