{"mean": 0.6990208, "std": 0.13051346737927086, "max": 1.0, "min": 0.3917}