{"mean": 0.680035, "std": 0.1485732522192336, "max": 1.0, "min": 0.32}