{"mean": 0.6676599999999999, "std": 0.1722812363549786, "max": 1.0, "min": 0.19}