{"mean": 0.678505, "std": 0.1436189488716583, "max": 1.0, "min": 0.36}