{"mean": 332.88280792953634, "std": 12.763171015971048, "max": 373.49169640877165, "min": 295.502645848836}