{"mean": 334.74336427404126, "std": 12.456993716154157, "max": 374.04238814293024, "min": 301.3510100504061}