{"mean": 334.8964733349936, "std": 11.889673687907814, "max": 365.34345658517543, "min": 305.487817715744}