{"mean": 333.8175133167249, "std": 12.303276878225901, "max": 371.600851490143, "min": 289.6771583018522}