{"mean": 334.81157036516584, "std": 12.933822162111134, "max": 376.9775815084548, "min": 296.9130517845896}