{"mean": 334.9302342926833, "std": 12.8874968559367, "max": 373.24537945674945, "min": 300.6795107696164}