{"mean": 335.5420774581025, "std": 3.9491804709563976, "max": 348.8935863722878, "min": 323.8606019179782}