{"mean": 0.677115, "std": 0.14117488985297633, "max": 1.0, "min": 0.22}