{"mean": 0.6156949999999999, "std": 0.18836362301410536, "max": 1.0, "min": 0.15}