{"mean": 0.6799700000000001, "std": 0.14195134765122872, "max": 1.0, "min": 0.223}