{"mean": 0.66982, "std": 0.1468665809501944, "max": 1.0, "min": 0.365}