{"mean": 0.68296, "std": 0.141425734574723, "max": 1.0, "min": 0.22}