{"mean": 0.6747118000000001, "std": 0.1403995933069608, "max": 1.0, "min": 0.2253}