{"mean": 0.67404, "std": 0.1424485991507112, "max": 1.0, "min": 0.205}