{"mean": 0.6081782000000001, "std": 0.20729372982499977, "max": 1.0, "min": 0.0012}