{"mean": 0.66578, "std": 0.1492299956443074, "max": 1.0, "min": 0.31}