{"mean": 0.6844119999999999, "std": 0.14439891362472226, "max": 1.0, "min": 0.229}