{"mean": 0.6860599999999999, "std": 0.1392489727071622, "max": 1.0, "min": 0.34}