{"mean": 0.6758599999999999, "std": 0.1468899601742747, "max": 1.0, "min": 0.31}