{"mean": 0.6911324, "std": 0.13685460675563685, "max": 1.0, "min": 0.3988}