{"mean": 0.6853279999999999, "std": 0.14616792882161259, "max": 1.0, "min": 0.22}