{"mean": 0.595338, "std": 0.1957134633999409, "max": 1.0, "min": 0.003}