{"mean": 0.5945309999999999, "std": 0.19466272187812436, "max": 1.0, "min": 0.17925}