{"mean": 0.6785047999999999, "std": 0.13927296527668245, "max": 1.0, "min": 0.215}