{"mean": 0.6895630000000001, "std": 0.1376342418549977, "max": 1.0, "min": 0.219}