{"mean": 0.684826, "std": 0.14040932919147503, "max": 1.0, "min": 0.377}