{"mean": 0.680139, "std": 0.13731231710593192, "max": 1.0, "min": 0.38175}