{"mean": 0.6772155, "std": 0.1418535104773583, "max": 1.0, "min": 0.2205}