{"mean": 0.6460199999999999, "std": 0.15154259995130082, "max": 1.0, "min": 0.19}