{"mean": 0.661913, "std": 0.13955998327242664, "max": 1.0, "min": 0.3895}