{"mean": 0.6764300000000001, "std": 0.14437158688606286, "max": 1.0, "min": 0.36}