{"mean": 0.65818, "std": 0.15402463309483974, "max": 1.0, "min": 0.125}