{"mean": 0.5928399999999999, "std": 0.19976588647714605, "max": 1.0, "min": 0.0025}