{"mean": 0.67548, "std": 0.14513362670311797, "max": 1.0, "min": 0.175}