{"mean": 0.6673444, "std": 0.14214666013888613, "max": 1.0, "min": 0.2258}