{"mean": 0.608668, "std": 0.19810502208677094, "max": 1.0, "min": 0.0025}