{"mean": 0.6800615, "std": 0.13632523919931336, "max": 1.0, "min": 0.21975}