{"mean": 0.67471, "std": 0.14375209876728756, "max": 1.0, "min": 0.355}