{"mean": 0.6772819999999999, "std": 0.1414923124272128, "max": 1.0, "min": 0.207}