{"mean": 0.6841252000000001, "std": 0.1461688571651294, "max": 1.0, "min": 0.2132}