{"mean": 0.674532, "std": 0.13474628371869854, "max": 1.0, "min": 0.233}