{"mean": 0.68256, "std": 0.1451611049833942, "max": 1.0, "min": 0.22}