{"mean": 0.68856, "std": 0.140913630994308, "max": 1.0, "min": 0.235}