{"mean": 0.6746749999999999, "std": 0.13990302668277052, "max": 1.0, "min": 0.3625}