{"mean": 0.68647, "std": 0.1469805738864834, "max": 1.0, "min": 0.225}