{"mean": 0.678535, "std": 0.13839473080648698, "max": 1.0, "min": 0.3953}