{"mean": 0.68071, "std": 0.13732023121157347, "max": 1.0, "min": 0.345}