{"mean": 0.5986201999999999, "std": 0.19866226901945924, "max": 1.0, "min": 0.0005}