{"mean": 0.6818234, "std": 0.1418213797438172, "max": 1.0, "min": 0.393}