{"mean": 0.6505599999999999, "std": 0.15274975089996057, "max": 1.0, "min": 0.15}