{"mean": 0.6853116, "std": 0.1414248267647516, "max": 1.0, "min": 0.2219}