{"mean": 0.6797600000000001, "std": 0.14409386662866674, "max": 1.0, "min": 0.215}