{"mean": 0.683145, "std": 0.1451008148667677, "max": 1.0, "min": 0.3625}