{"mean": 0.6948294, "std": 0.1421898276095727, "max": 1.0, "min": 0.2229}