{"mean": 0.688416, "std": 0.14200895374588182, "max": 1.0, "min": 0.255}