{"mean": 0.67304, "std": 0.15027760445255975, "max": 1.0, "min": 0.36}