{"mean": 0.682315, "std": 0.1446638457770289, "max": 1.0, "min": 0.2025}