{"mean": 0.6788455, "std": 0.13214428574384138, "max": 1.0, "min": 0.3855}