{"mean": 0.6945252000000001, "std": 0.13239817931134854, "max": 1.0, "min": 0.3915}