{"mean": 0.676773, "std": 0.13561659548521338, "max": 1.0, "min": 0.3915}